{
  "id": "wfrp4e-nations-of-mankind-subspecies-pack",
  "title": "WFRP4e - Nations of Mankind Subspecies Pack",
  "authors": [
    {
      "name": "yuuri",
      "discord": "yuuri_was_taken",
      "flags": {}
    }
  ],
  "version": "1.0.0",
  "compatibility": {
    "minimum": "12",
    "verified": "13"
  },
  "esmodules": [
    "wfrp4e-nations-of-mankind-subspecies-pack.mjs"
  ],
  "relationships": {
    "systems": [
      {
        "id": "wfrp4e",
        "type": "system",
        "manifest": "https://github.com/moo-man/WFRP4e-FoundryVTT/releases/latest/download/system.json",
        "compatibility": {
          "minimum": "8",
          "verified": "9.2.3"
        }
      }
    ],
    "modules": [
      {
        "id": "wfrp4e-core",
        "type": "module",
        "manifest": "https://foundry-c7-manifests.s3.us-east-2.amazonaws.com/wfrp4e-core/module.json",
        "compatibility": {
          "minimum": "7",
          "verified": "7.1.0"
        }
      }
    ]
  },
  "url": "https://github.com/Biyoori/WFRP4-Nations-of-Mankind-Subspecies",
  "manifest": "https://github.com/Biyoori/WFRP4-Nations-of-Mankind-Subspecies/releases/latest/download/module.json",
  "download": "https://github.com/Biyoori/WFRP4-Nations-of-Mankind-Subspecies/releases/download/1.0.0/wfrp4e-nations-of-mankind-subspecies-pack.zip"
}